[
  {
    "value": "Albemarle County",
    "synonyms": [
      "Albemarle"
    ]
  },
  {
    "value": "City of Alexandria",
    "synonyms": [
      "Alexandria"
    ]
  },
  {
    "value": "Alleghany County",
    "synonyms": [
      "Alleghany"
    ]
  },
  {
    "value": "Amelia County",
    "synonyms": [
      "Amelia"
    ]
  },
  {
    "value": "Amherst County",
    "synonyms": [
      "Amherst"
    ]
  },
  {
    "value": "Appomattox County",
    "synonyms": [
      "Appomattox"
    ]
  },
  {
    "value": "Arlington County",
    "synonyms": [
      "Arlington"
    ]
  },
  {
    "value": "Augusta County",
    "synonyms": [
      "Augusta"
    ]
  },
  {
    "value": "Bath County",
    "synonyms": [
      "Bath"
    ]
  },
  {
    "value": "City of Bedford",
    "synonyms": [
      "City of Bedford"
    ]
  },
  {
    "value": "Bedford County",
    "synonyms": [
      "Bedford"
    ]
  },
  {
    "value": "Bland County",
    "synonyms": [
      "Bland"
    ]
  },
  {
    "value": "Botetourt County",
    "synonyms": [
      "Botetourt"
    ]
  },
  {
    "value": "City of Bristol",
    "synonyms": [
      "Bristol"
    ]
  },
  {
    "value": "Brunswick County",
    "synonyms": [
      "Brunswick"
    ]
  },
  {
    "value": "Buchanan County",
    "synonyms": [
      "Buchanan"
    ]
  },
  {
    "value": "Buckingham County",
    "synonyms": [
      "Buckingham"
    ]
  },
  {
    "value": "City of Buena Vista",
    "synonyms": [
      "Buena Vista"
    ]
  },
  {
    "value": "Campbell County",
    "synonyms": [
      "Campbell"
    ]
  },
  {
    "value": "Caroline County",
    "synonyms": [
      "Caroline"
    ]
  },
  {
    "value": "Carroll County",
    "synonyms": [
      "Carroll"
    ]
  },
  {
    "value": "Charles City County",
    "synonyms": [
      "Charles City"
    ]
  },
  {
    "value": "Charlotte County",
    "synonyms": [
      "Charlotte"
    ]
  },
  {
    "value": "City of Charlottesville",
    "synonyms": [
      "Charlottesville"
    ]
  },
  {
    "value": "City of Chesapeake",
    "synonyms": [
      "Chesapeake"
    ]
  },
  {
    "value": "Chesterfield County",
    "synonyms": [
      "Chesterfield"
    ]
  },
  {
    "value": "Clarke County",
    "synonyms": [
      "Clarke"
    ]
  },
  {
    "value": "Colonial Heights",
    "synonyms": [
      "Colonial Heights"
    ]
  },
  {
    "value": "City of Covington",
    "synonyms": [
      "Covington"
    ]
  },
  {
    "value": "Craig County",
    "synonyms": [
      "Craig"
    ]
  },
  {
    "value": "Culpeper County",
    "synonyms": [
      "Culpeper"
    ]
  },
  {
    "value": "Cumberland County",
    "synonyms": [
      "Cumberland"
    ]
  },
  {
    "value": "City of Danville",
    "synonyms": [
      "Danville"
    ]
  },
  {
    "value": "Dickenson County",
    "synonyms": [
      "Dickenson"
    ]
  },
  {
    "value": "Dinwiddie County",
    "synonyms": [
      "Dinwiddie"
    ]
  },
  {
    "value": "City of Emporia",
    "synonyms": [
      "Emporia"
    ]
  },
  {
    "value": "Essex County",
    "synonyms": [
      "Essex"
    ]
  },
  {
    "value": "City of Fairfax",
    "synonyms": [
      "City of Fairfax"
    ]
  },
  {
    "value": "Fairfax County",
    "synonyms": [
      "Fairfax County"
    ]
  },
  {
    "value": "Falls Church",
    "synonyms": [
      "Falls Church"
    ]
  },
  {
    "value": "Fauquier County",
    "synonyms": [
      "Fauquier"
    ]
  },
  {
    "value": "Floyd County",
    "synonyms": [
      "Floyd"
    ]
  },
  {
    "value": "Fluvanna County",
    "synonyms": [
      "Fluvanna"
    ]
  },
  {
    "value": "City of Franklin",
    "synonyms": [
      "City of Franklin"
    ]
  },
  {
    "value": "Franklin County",
    "synonyms": [
      "Franklin County"
    ]
  },
  {
    "value": "Frederick County",
    "synonyms": [
      "Frederick"
    ]
  },
  {
    "value": "City of Fredericksburg",
    "synonyms": [
      "Fredericksburg"
    ]
  },
  {
    "value": "City of Galax",
    "synonyms": [
      "Galax"
    ]
  },
  {
    "value": "Giles County",
    "synonyms": [
      "Giles"
    ]
  },
  {
    "value": "Gloucester County",
    "synonyms": [
      "Gloucester"
    ]
  },
  {
    "value": "Goochland County",
    "synonyms": [
      "Goochland"
    ]
  },
  {
    "value": "Grayson County",
    "synonyms": [
      "Grayson"
    ]
  },
  {
    "value": "Greene County",
    "synonyms": [
      "Greene"
    ]
  },
  {
    "value": "Greensville County",
    "synonyms": [
      "Greensville"
    ]
  },
  {
    "value": "Halifax County",
    "synonyms": [
      "Halifax"
    ]
  },
  {
    "value": "City of Hampton",
    "synonyms": [
      "Hampton"
    ]
  },
  {
    "value": "Hanover County",
    "synonyms": [
      "Hanover"
    ]
  },
  {
    "value": "Harrisonburg",
    "synonyms": [
      "Harrisonburg"
    ]
  },
  {
    "value": "Henrico County",
    "synonyms": [
      "Henrico"
    ]
  },
  {
    "value": "Henry County",
    "synonyms": [
      "Henry"
    ]
  },
  {
    "value": "Highland County",
    "synonyms": [
      "Highland"
    ]
  },
  {
    "value": "City of Hopewell",
    "synonyms": [
      "Hopewell"
    ]
  },
  {
    "value": "Isle of Wight County",
    "synonyms": [
      "Isle of Wight"
    ]
  },
  {
    "value": "James City County",
    "synonyms": [
      "James City"
    ]
  },
  {
    "value": "King and Queen County",
    "synonyms": [
      "King and Queen"
    ]
  },
  {
    "value": "King George County",
    "synonyms": [
      "King George"
    ]
  },
  {
    "value": "King William County",
    "synonyms": [
      "King William"
    ]
  },
  {
    "value": "Lancaster County",
    "synonyms": [
      "Lancaster"
    ]
  },
  {
    "value": "City of Lee County",
    "synonyms": [
      "Lee County"
    ]
  },
  {
    "value": "City of Lexington",
    "synonyms": [
      "Lexington"
    ]
  },
  {
    "value": "Loudoun County",
    "synonyms": [
      "Loudoun"
    ]
  },
  {
    "value": "Louisa County",
    "synonyms": [
      "Louisa"
    ]
  },
  {
    "value": "Lunenburg County",
    "synonyms": [
      "Lunenburg"
    ]
  },
  {
    "value": "City of Lynchburg",
    "synonyms": [
      "Lynchburg"
    ]
  },
  {
    "value": "Madison County",
    "synonyms": [
      "Madison"
    ]
  },
  {
    "value": "City of Manassas",
    "synonyms": [
      "Manassas"
    ]
  },
  {
    "value": "Manassas Park",
    "synonyms": [
      "Manassas Park"
    ]
  },
  {
    "value": "Martinsville",
    "synonyms": [
      "Martinsville"
    ]
  },
  {
    "value": "Mathews County",
    "synonyms": [
      "Mathews"
    ]
  },
  {
    "value": "Mecklenburg County",
    "synonyms": [
      "Mecklenburg"
    ]
  },
  {
    "value": "Middlesex County",
    "synonyms": [
      "Middlesex"
    ]
  },
  {
    "value": "Montgomery County",
    "synonyms": [
      "Montgomery"
    ]
  },
  {
    "value": "Nelson County",
    "synonyms": [
      "Nelson"
    ]
  },
  {
    "value": "New Kent County",
    "synonyms": [
      "New Kent"
    ]
  },
  {
    "value": "City of Newport News",
    "synonyms": [
      "Newport News"
    ]
  },
  {
    "value": "City of Norfolk",
    "synonyms": [
      "Norfolk"
    ]
  },
  {
    "value": "Northampton County",
    "synonyms": [
      "Northampton"
    ]
  },
  {
    "value": "Northumberland County",
    "synonyms": [
      "Northumberland"
    ]
  },
  {
    "value": "City of Norton",
    "synonyms": [
      "Norton"
    ]
  },
  {
    "value": "Nottoway County",
    "synonyms": [
      "Nottoway"
    ]
  },
  {
    "value": "Orange County",
    "synonyms": [
      "Orange"
    ]
  },
  {
    "value": "Page County",
    "synonyms": [
      "Page"
    ]
  },
  {
    "value": "Patrick County",
    "synonyms": [
      "Patrick"
    ]
  },
  {
    "value": "City of Petersburg",
    "synonyms": [
      "Petersburg"
    ]
  },
  {
    "value": "Pittsylvania County",
    "synonyms": [
      "Pittsylvania"
    ]
  },
  {
    "value": "City of Poquoson",
    "synonyms": [
      "Poquoson"
    ]
  },
  {
    "value": "City of Portsmouth",
    "synonyms": [
      "Portsmouth"
    ]
  },
  {
    "value": "Powhatan County",
    "synonyms": [
      "Powhatan"
    ]
  },
  {
    "value": "Prince Edward County",
    "synonyms": [
      "Prince Edward"
    ]
  },
  {
    "value": "Prince George County",
    "synonyms": [
      "Prince George"
    ]
  },
  {
    "value": "Prince William County",
    "synonyms": [
      "Prince William"
    ]
  },
  {
    "value": "Pulaski County",
    "synonyms": [
      "Pulaski"
    ]
  },
  {
    "value": "City of Radford",
    "synonyms": [
      "Radford"
    ]
  },
  {
    "value": "Rappahannock County",
    "synonyms": [
      "Rappahannock"
    ]
  },
  {
    "value": "City of Richmond",
    "synonyms": [
      "City of Richmond"
    ]
  },
  {
    "value": "Richmond County",
    "synonyms": [
      "Richmond County"
    ]
  },
  {
    "value": "City of Roanoke",
    "synonyms": [
      "City of Roanoke"
    ]
  },
  {
    "value": "Roanoke County",
    "synonyms": [
      "Roanoke County"
    ]
  },
  {
    "value": "Rockingham County",
    "synonyms": [
      "Rockingham"
    ]
  },
  {
    "value": "Russell County",
    "synonyms": [
      "Russell"
    ]
  },
  {
    "value": "City of Salem",
    "synonyms": [
      "Salem"
    ]
  },
  {
    "value": "Scott County",
    "synonyms": [
      "Scott"
    ]
  },
  {
    "value": "Shenandoah County",
    "synonyms": [
      "Shenandoah"
    ]
  },
  {
    "value": "Smyth County",
    "synonyms": [
      "Smyth"
    ]
  },
  {
    "value": "Southampton County",
    "synonyms": [
      "Southampton"
    ]
  },
  {
    "value": "Spotsylvania County",
    "synonyms": [
      "Spotsylvania"
    ]
  },
  {
    "value": "Stafford County",
    "synonyms": [
      "Stafford"
    ]
  },
  {
    "value": "City of Staunton",
    "synonyms": [
      "Staunton"
    ]
  },
  {
    "value": "City of Suffolk",
    "synonyms": [
      "Suffolk"
    ]
  },
  {
    "value": "Surry County",
    "synonyms": [
      "Surry"
    ]
  },
  {
    "value": "Sussex County",
    "synonyms": [
      "Sussex"
    ]
  },
  {
    "value": "Tazewell County",
    "synonyms": [
      "Tazewell"
    ]
  },
  {
    "value": "City of Virginia Beach",
    "synonyms": [
      "Virginia Beach"
    ]
  },
  {
    "value": "Warren County",
    "synonyms": [
      "Warren"
    ]
  },
  {
    "value": "Washington County",
    "synonyms": [
      "Washington"
    ]
  },
  {
    "value": "City of Waynesboro",
    "synonyms": [
      "Waynesboro"
    ]
  },
  {
    "value": "Westmoreland County",
    "synonyms": [
      "Westmoreland"
    ]
  },
  {
    "value": "City of Williamsburg",
    "synonyms": [
      "Williamsburg"
    ]
  },
  {
    "value": "City of Winchester",
    "synonyms": [
      "Winchester"
    ]
  },
  {
    "value": "Wise County",
    "synonyms": [
      "Wise"
    ]
  },
  {
    "value": "Wythe County",
    "synonyms": [
      "Wythe"
    ]
  },
  {
    "value": "York County",
    "synonyms": [
      "York"
    ]
  }
]