[
  {
    "id": "74b5e692-f7f7-459f-baab-571f7540fe67",
    "data": [
      {
        "text": "in @County:County",
        "userDefined": false
      }
    ],
    "isTemplate": true,
    "count": 0,
    "updated": 1516389956
  },
  {
    "id": "3629f74e-ad2f-4823-90a5-46bfd5674773",
    "data": [
      {
        "text": "@County:County",
        "userDefined": false
      }
    ],
    "isTemplate": true,
    "count": 0,
    "updated": 1516389956
  },
  {
    "id": "61441ae3-27fd-47d5-bb1c-2d7cc2f08a0e",
    "data": [
      {
        "text": "trout added in @County:County",
        "userDefined": false
      }
    ],
    "isTemplate": true,
    "count": 0,
    "updated": 1516389956
  },
  {
    "id": "db15b067-ce4d-4668-935c-c603f86f8487",
    "data": [
      {
        "text": "fish added in @County:County",
        "userDefined": false
      }
    ],
    "isTemplate": true,
    "count": 0,
    "updated": 1516389956
  },
  {
    "id": "e3b1d638-ff8f-4369-a6dc-58564e5631e6",
    "data": [
      {
        "text": "stocking for @County:County",
        "userDefined": false
      }
    ],
    "isTemplate": true,
    "count": 0,
    "updated": 1516389956
  },
  {
    "id": "b6bff771-2c89-4e52-9f19-27f373df18f4",
    "data": [
      {
        "text": "trout in @County:County",
        "userDefined": false
      }
    ],
    "isTemplate": true,
    "count": 0,
    "updated": 1516389956
  },
  {
    "id": "276620b9-d227-40c6-9e27-c3e41286adb0",
    "data": [
      {
        "text": "stockings in @County:County",
        "userDefined": false
      }
    ],
    "isTemplate": true,
    "count": 0,
    "updated": 1516389956
  }
]