[
  {
    "id": "e9215043-3ddc-4b79-904b-71fe56d9901c",
    "data": [
      {
        "text": "@sys.date:StartDate and @sys.date:EndDate",
        "userDefined": false
      }
    ],
    "isTemplate": true,
    "count": 0,
    "updated": 1516391688
  },
  {
    "id": "b545c0d2-c9e6-4db1-ac3c-9bc01435caa3",
    "data": [
      {
        "text": "between @sys.date:StartDate and @sys.date:EndDate",
        "userDefined": false
      }
    ],
    "isTemplate": true,
    "count": 0,
    "updated": 1516391688
  },
  {
    "id": "4505d807-e944-4246-862e-81c399041dc3",
    "data": [
      {
        "text": "on @sys.date:StartDate",
        "userDefined": false
      }
    ],
    "isTemplate": true,
    "count": 0,
    "updated": 1516391688
  },
  {
    "id": "89721d87-5542-4180-af2a-d7c8797052ab",
    "data": [
      {
        "text": "@sys.date:StartDate",
        "userDefined": false
      }
    ],
    "isTemplate": true,
    "count": 0,
    "updated": 1516391688
  },
  {
    "id": "fabe669e-bad5-4b4d-bdc6-b9a4cc8dfe10",
    "data": [
      {
        "text": "stocking information @sys.date:StartDate",
        "userDefined": false
      }
    ],
    "isTemplate": true,
    "count": 0,
    "updated": 1516391688
  },
  {
    "id": "481211a1-6e29-4687-ae13-50b7ad0936f0",
    "data": [
      {
        "text": "trout @sys.date:StartDate",
        "userDefined": false
      }
    ],
    "isTemplate": true,
    "count": 0,
    "updated": 1516391688
  },
  {
    "id": "66df95a0-9946-4398-b42b-e2a80260b4f4",
    "data": [
      {
        "text": "stockings on @sys.date:StartDate",
        "userDefined": false
      }
    ],
    "isTemplate": true,
    "count": 0,
    "updated": 1516391688
  },
  {
    "id": "2929b40d-2bc8-4cc8-80ae-f6ecffc30cc6",
    "data": [
      {
        "text": "stockings @sys.date:StartDate",
        "userDefined": false
      }
    ],
    "isTemplate": true,
    "count": 0,
    "updated": 1516391688
  },
  {
    "id": "f5af9ea3-7400-4a25-9254-43e0f4f61f11",
    "data": [
      {
        "text": "stocking information for @sys.date:StartDate  to @sys.date:EndDate",
        "userDefined": false
      }
    ],
    "isTemplate": true,
    "count": 0,
    "updated": 1516391688
  },
  {
    "id": "8a7594d7-fb25-44fc-b8bd-146f8dabbe96",
    "data": [
      {
        "text": "stocking information for @sys.date:StartDate",
        "userDefined": false
      }
    ],
    "isTemplate": true,
    "count": 0,
    "updated": 1516391688
  },
  {
    "id": "8dd93641-4660-4501-9abc-f471fd836828",
    "data": [
      {
        "text": "trout added between @sys.date:StartDate  and @sys.date:EndDate",
        "userDefined": false
      }
    ],
    "isTemplate": true,
    "count": 0,
    "updated": 1516391688
  },
  {
    "id": "3dd55c4c-a034-44a7-b595-dd16b6477ba7",
    "data": [
      {
        "text": "trout added on @sys.date:StartDate",
        "userDefined": false
      }
    ],
    "isTemplate": true,
    "count": 0,
    "updated": 1516391688
  },
  {
    "id": "8f9b36df-eaf4-4f06-818a-de20c04f6fec",
    "data": [
      {
        "text": "fish added @sys.date:StartDate",
        "userDefined": false
      }
    ],
    "isTemplate": true,
    "count": 0,
    "updated": 1516391688
  },
  {
    "id": "63fdfc17-098b-4473-ac26-8c3b247a099c",
    "data": [
      {
        "text": "fish added on @sys.date:StartDate",
        "userDefined": false
      }
    ],
    "isTemplate": true,
    "count": 0,
    "updated": 1516391688
  },
  {
    "id": "02a2c346-a243-4a4e-90a9-548fa3e16e71",
    "data": [
      {
        "text": "fish added between @sys.date:StartDate  and @sys.date:EndDate",
        "userDefined": false
      }
    ],
    "isTemplate": true,
    "count": 0,
    "updated": 1516391688
  },
  {
    "id": "3b83347d-1899-4af7-93c1-e86ba2a4e98c",
    "data": [
      {
        "text": "stockings between @sys.date:StartDate  and @sys.date:EndDate",
        "userDefined": false
      }
    ],
    "isTemplate": true,
    "count": 0,
    "updated": 1516391688
  },
  {
    "id": "affbe413-c521-4282-86dd-a7eb693e9f9d",
    "data": [
      {
        "text": "what was stocked between @sys.date:StartDate  and @sys.date:EndDate",
        "userDefined": false
      }
    ],
    "isTemplate": true,
    "count": 0,
    "updated": 1516391688
  },
  {
    "id": "f6d40610-e6ad-4c75-91ef-1adb5c94ee48",
    "data": [
      {
        "text": "what was stocked on @sys.date:StartDate",
        "userDefined": false
      }
    ],
    "isTemplate": true,
    "count": 0,
    "updated": 1516391688
  }
]