[
  {
    "id": "e60bacc6-c470-4a41-b323-dc381590e724",
    "data": [
      {
        "text": "fish added",
        "userDefined": false
      }
    ],
    "isTemplate": false,
    "count": 0,
    "updated": 1516150387
  },
  {
    "id": "8a276da0-3f6e-4afc-bdc1-ad1f94cc4c45",
    "data": [
      {
        "text": "identify the honey holes",
        "userDefined": false
      }
    ],
    "isTemplate": false,
    "count": 0,
    "updated": 1516150387
  },
  {
    "id": "1bf98b76-8bc7-4cf2-965b-58f297370149",
    "data": [
      {
        "text": "give me the fish locations",
        "userDefined": false
      }
    ],
    "isTemplate": false,
    "count": 1,
    "updated": 1516150387
  },
  {
    "id": "9361556c-fbb6-4582-8125-8ed928f0f851",
    "data": [
      {
        "text": "trout stockings",
        "userDefined": false
      }
    ],
    "isTemplate": false,
    "count": 0,
    "updated": 1516150387
  },
  {
    "id": "3551b14a-c99c-4a9b-a6ac-b3c36fec2102",
    "data": [
      {
        "text": "recent stockings",
        "userDefined": false
      }
    ],
    "isTemplate": false,
    "count": 0,
    "updated": 1516150387
  },
  {
    "id": "3d99bf0e-e81b-4088-ad1b-a16e4e1a999a",
    "data": [
      {
        "text": "trout stocking",
        "userDefined": false
      }
    ],
    "isTemplate": false,
    "count": 0,
    "updated": 1516150387
  },
  {
    "id": "46791d92-0eb5-4993-8a3d-443a80ec2dcd",
    "data": [
      {
        "text": "recent stocking",
        "userDefined": false
      }
    ],
    "isTemplate": false,
    "count": 0,
    "updated": 1516150387
  },
  {
    "id": "c968acdb-5936-4201-9b5a-681f925eaaa9",
    "data": [
      {
        "text": "where are the fish",
        "userDefined": false
      }
    ],
    "isTemplate": false,
    "count": 0,
    "updated": 1516150387
  },
  {
    "id": "d86d2779-8eab-48ac-8867-5321a3df0e36",
    "data": [
      {
        "text": "where should i fish",
        "userDefined": false
      }
    ],
    "isTemplate": false,
    "count": 0,
    "updated": 1516150387
  },
  {
    "id": "b9efd709-0f58-42cb-81c9-16108fbbc618",
    "data": [
      {
        "text": "where are the trout",
        "userDefined": false
      }
    ],
    "isTemplate": false,
    "count": 0,
    "updated": 1516150387
  },
  {
    "id": "02425daf-cb4a-4e63-8e66-c17823dd4bce",
    "data": [
      {
        "text": "stocking information",
        "userDefined": false
      }
    ],
    "isTemplate": false,
    "count": 0,
    "updated": 1516150387
  },
  {
    "id": "a5a2f086-866e-4312-b29f-a0abd2350ef3",
    "data": [
      {
        "text": "list stockings",
        "userDefined": false
      }
    ],
    "isTemplate": false,
    "count": 0,
    "updated": 1516150387
  }
]